config,theta_0.7,theta_1.0,theta_1.3,monotonic,in_range,gamma_0,gamma_1,gamma_2,gamma_3,gamma_4,beta_0,beta_1,beta_2,beta_3,beta_4
配置1 - 小权重,0.3133333333333333,0.3566666666666667,0.3983333333333334,True,True,1.0,0.01,0.02,0.05,0.0001,0.0,0.01,0.02,0.05,-0.0001
配置2 - 中权重,0.18833333333333332,0.19499999999999998,0.20833333333333334,True,False,1.0,0.02,0.04,0.08,0.0002,0.0,0.02,0.04,0.08,-0.0002
配置3 - 大权重,0.08833333333333333,0.09666666666666668,0.11499999999999999,True,False,1.0,0.04,0.08,0.15,0.0004,0.0,0.04,0.08,0.15,-0.0004
配置4 - 强调工资,0.07333333333333335,0.09833333333333334,0.12666666666666668,True,False,1.0,0.02,0.03,0.05,0.0005,0.0,0.02,0.03,0.05,-0.0005
配置5 - 弱化工资,0.16166666666666668,0.17666666666666667,0.18333333333333335,True,False,1.0,0.03,0.05,0.1,5e-05,0.0,0.03,0.05,0.1,-5e-05
